<?xml version="1.0"?>
<metadata>
<idinfo>
  <citation>
    <citeinfo>
      <origin>Alberta Energy Regulator</origin>
      <origin>Alberta Geological Survey</origin>
      <origin>Rokosh, C.D.</origin>
      <origin>Lyster, S.</origin>
      <origin>Anderson, S.D.A.</origin>
      <origin>Beaton, A.P.</origin>
      <origin>Berhane, H.</origin>
      <origin>Brazzoni, T.</origin>
      <origin>Chen, D.</origin>
      <origin>Cheng, Y.</origin>
      <origin>Mack, T.</origin>
      <origin>Pana, C.</origin>
      <origin>Pawlowicz, J.G.</origin>
      <pubdate>201307</pubdate>
      <title>Alberta Shale Report: Outlines of Evaluated Shale and Siltstone Units (GIS data, polygon features)</title>
      <geoform>vector digital data</geoform>
      <serinfo>
        <sername>Digital Data</sername>
        <issue>DIG 2013-0024</issue>
      </serinfo>
      <pubinfo>
        <pubplace>Edmonton, Alberta, Canada</pubplace>
        <publish>Alberta Geological Survey</publish>
      </pubinfo>
      <onlink>http://www.ags.gov.ab.ca/publications/DIG/ZIP/DIG_2013_0024.zip</onlink>
    </citeinfo>
  </citation>
  <descript>
    <abstract>This dataset contains the outlines of the evaluated areas for shale- and siltstone-hosted hydrocarbons in Alberta from the Energy Resources Conservation Board/Alberta Geological Survey Open File Report 2012-06. These evaluated areas are for the following units:
- Duvernay Formation,
- Muskwa Formation,
- Montney Formation,
- Basal Banff/Exshaw study area,
- North Nordegg study area, and
- Wilrich Member.
For information on the extent and characteristics of the shale and siltstone units and the overall resource assessment approach see Energy Resources Conservation Board/Alberta Geological Survey Open File Report 2012-06.</abstract>
    <purpose>To provide the public with estimates of hydrocarbon resources in place.</purpose>
    <supplinf>Language: In English;</supplinf>
  </descript>
  <timeperd>
    <timeinfo>
      <rngdates>
        <begdate>2010</begdate>
        <enddate>2012</enddate>
      </rngdates>
    </timeinfo>
    <current>ground condition</current>
  </timeperd>
  <status>
    <progress>Complete</progress>
    <update>None planned</update>
  </status>
  <spdom>
    <bounding>
      <westbc>-120</westbc>
      <eastbc>-110.004959</eastbc>
      <northbc>60.000193</northbc>
      <southbc>48.996929</southbc>
    </bounding>
  </spdom>
  <keywords>
    <theme>
      <themekt>none</themekt>
      <themekey>duvernay formation</themekey>
      <themekey>exshaw formation</themekey>
      <themekey>montney formation</themekey>
      <themekey>muskwa formation</themekey>
      <themekey>natural gas</themekey>
      <themekey>nordegg member</themekey>
      <themekey>resource assessment</themekey>
      <themekey>shale</themekey>
      <themekey>shale gas</themekey>
      <themekey>siltstone</themekey>
      <themekey>wilrich member</themekey>
    </theme>
    <theme>
      <themekt>ISO 19115 Topic Category</themekt>
      <themekey>geoscientificInformation</themekey>
    </theme>
    <place>
      <placekt>none</placekt>
      <placekey>72e</placekey>
      <placekey>72l</placekey>
      <placekey>72m</placekey>
      <placekey>73d</placekey>
      <placekey>73e</placekey>
      <placekey>73l</placekey>
      <placekey>73m</placekey>
      <placekey>74d</placekey>
      <placekey>74e</placekey>
      <placekey>74l</placekey>
      <placekey>74m</placekey>
      <placekey>82g</placekey>
      <placekey>82h</placekey>
      <placekey>82i</placekey>
      <placekey>82j</placekey>
      <placekey>82n</placekey>
      <placekey>82o</placekey>
      <placekey>82p</placekey>
      <placekey>83a</placekey>
      <placekey>83b</placekey>
      <placekey>83c</placekey>
      <placekey>83d</placekey>
      <placekey>83e</placekey>
      <placekey>83f</placekey>
      <placekey>83g</placekey>
      <placekey>83h</placekey>
      <placekey>83i</placekey>
      <placekey>83j</placekey>
      <placekey>83k</placekey>
      <placekey>83l</placekey>
      <placekey>83m</placekey>
      <placekey>83n</placekey>
      <placekey>83o</placekey>
      <placekey>83p</placekey>
      <placekey>84a</placekey>
      <placekey>84b</placekey>
      <placekey>84c</placekey>
      <placekey>84d</placekey>
      <placekey>84e</placekey>
      <placekey>84f</placekey>
      <placekey>84g</placekey>
      <placekey>84h</placekey>
      <placekey>84i</placekey>
      <placekey>84j</placekey>
      <placekey>84k</placekey>
      <placekey>84l</placekey>
      <placekey>84m</placekey>
      <placekey>84n</placekey>
      <placekey>84o</placekey>
      <placekey>84p</placekey>
      <placekey>alberta</placekey>
      <placekey>canada</placekey>
    </place>
  </keywords>
  <accconst>Public</accconst>
  <useconst>Acknowledgement of the Alberta Energy Regulator/Alberta Geological Survey as the originator/source of this information is required as described in the Open Government License - Alberta.</useconst>
  <ptcontac>
    <cntinfo>
      <cntorgp>
        <cntorg>Alberta Geological Survey</cntorg>
        <cntper>Publications and Marketing Advisor</cntper>
      </cntorgp>
      <cntpos>Publications and Marketing Advisor</cntpos>
      <cntaddr>
        <addrtype>mailing and physical</addrtype>
        <address>Alberta Energy Regulator</address>
        <address>4th Floor, Twin Atria Building</address>
        <address>4999-98 Avenue NW</address>
        <city>Edmonton</city>
        <state>Alberta</state>
        <postal>T6B 2X3</postal>
        <country>Canada</country>
      </cntaddr>
      <cntvoice>(780) 422-1927</cntvoice>
      <cntfax>(780) 422-1918</cntfax>
      <cntemail>AGS-Info@aer.ca</cntemail>
      <hours>8:00 a.m. to 12:00 p.m. and 1:00 p.m. to 4:30 p.m.</hours>
    </cntinfo>
  </ptcontac>
  <datacred>G.J. Prior and R. Elgr compiled and edited the data for 1 000 000 scale.</datacred>
  <native>Microsoft Windows XP Version 5.1 (Build 2600) Service Pack 2; ESRI ArcCatalog 9.0.0.535</native>
  <crossref>
    <citeinfo>
      <origin>Energy Resources Conservation Board</origin>
      <origin>Alberta Geological Survey</origin>
      <origin>Rokosh, C.D.</origin>
      <origin>Lyster, S.</origin>
      <origin>Anderson, S.D.A.</origin>
      <origin>Beaton, A.P.</origin>
      <origin>Berhane, H.</origin>
      <origin>Brazzoni, T.</origin>
      <origin>Chen, D.</origin>
      <origin>Cheng, Y.</origin>
      <origin>Mack, T.</origin>
      <origin>Pana, C.</origin>
      <origin>Pawlowicz, J.G.</origin>
      <pubdate>20121105</pubdate>
      <title>Summary of Alberta&apos;s Shale- and Siltstone-Hosted Hydrocarbon Resource Potential</title>
      <geoform>document</geoform>
      <serinfo>
        <sername>Open File Report</sername>
        <issue>OFR 2012-06</issue>
      </serinfo>
      <pubinfo>
        <pubplace>Edmonton, Alberta, Canada</pubplace>
        <publish>Alberta Geological Survey</publish>
      </pubinfo>
      <othercit>ISBN: 978-1-4601-0082-0</othercit>
      <onlink>http://www.ags.gov.ab.ca/publications</onlink>
    </citeinfo>
  </crossref>
  <crossref>
    <citeinfo>
      <origin>Alberta Energy Regulator</origin>
      <origin>Alberta Geological Survey</origin>
      <origin>Lyster, S.</origin>
      <pubdate>201306</pubdate>
      <title>Quantification of Uncertainty in Shale Gas Resources</title>
      <geoform>document</geoform>
      <serinfo>
        <sername>Open File Report</sername>
        <issue>OFR 2013-13</issue>
      </serinfo>
      <pubinfo>
        <pubplace>Edmonton, Alberta, Canada</pubplace>
        <publish>Energy Resources Conservation Board</publish>
      </pubinfo>
      <othercit>ISBN: 978-1-4601-0108-7</othercit>
      <onlink>http://www.ags.gov.ab.ca/publications</onlink>
    </citeinfo>
  </crossref>
  <crossref>
    <citeinfo>
      <origin>Alberta Energy Regulator</origin>
      <origin>Alberta Geological Survey</origin>
      <origin>Rokosh, C.D.</origin>
      <origin>Lyster, S.</origin>
      <origin>Anderson, S.D.A.</origin>
      <origin>Beaton, A.P.</origin>
      <origin>Berhane, H.</origin>
      <origin>Brazzoni, T.</origin>
      <origin>Chen, D.</origin>
      <origin>Cheng, Y.</origin>
      <origin>Mack, T.</origin>
      <origin>Pana, C.</origin>
      <origin>Pawlowicz, J.G.</origin>
      <pubdate>201307</pubdate>
      <title>Alberta Shale Report: Shale- and Siltstone-Hosted Hydrocarbon Resources of Alberta (tabular data, tab-delimited format, to accompany Open File Report 2012-06)</title>
      <geoform>tabular digital data</geoform>
      <serinfo>
        <sername>Digital Data</sername>
        <issue>DIG 2013-0023</issue>
      </serinfo>
      <pubinfo>
        <pubplace>Edmonton, Alberta, Canada</pubplace>
        <publish>Alberta Geological Survey</publish>
      </pubinfo>
      <onlink>http://www.ags.gov.ab.ca/publications</onlink>
    </citeinfo>
  </crossref>
</idinfo>
<dataqual>
  <logic>The polygons are not topologically correct due to the fact that they denote geologic units at different depths.</logic>
  <complete>This dataset only includes those shale and siltstone units that were evaluated for the original hydrocarbons in place for Energy Resources Conservation Board/Alberta Geological Survey Open File Report 2012-06. Other units were included in that report but were not quantitatively assessed; therefore, they are omitted from this dataset.</complete>
  <lineage>
    <srcinfo>
      <srccite>
        <citeinfo>
          <origin>Energy Resources Conservation Board</origin>
          <origin>Alberta Geological Survey</origin>
          <origin>Rokosh, C.D.</origin>
          <origin>Lyster, S.</origin>
          <origin>Anderson, S.D.A.</origin>
          <origin>Beaton, A.P.</origin>
          <origin>Berhane, H.</origin>
          <origin>Brazzoni, T.</origin>
          <origin>Chen, D.</origin>
          <origin>Cheng, Y.</origin>
          <origin>Mack, T.</origin>
          <origin>Pana, C.</origin>
          <origin>Pawlowicz, J.G.</origin>
          <pubdate>20121105</pubdate>
          <title>Summary of Alberta&apos;s Shale- and Siltstone-Hosted Hydrocarbon Resource Potential</title>
          <geoform>document</geoform>
          <serinfo>
            <sername>Open File Report</sername>
            <issue>OFR 2012-06</issue>
          </serinfo>
          <pubinfo>
            <pubplace>Edmonton, Alberta, Canada</pubplace>
            <publish>Alberta Geological Survey</publish>
          </pubinfo>
          <othercit>ISBN: 978-1-4601-0082-0</othercit>
        </citeinfo>
      </srccite>
      <srcscale>0</srcscale>
      <typesrc>CD-ROM</typesrc>
      <srctime>
        <timeinfo>
          <rngdates>
            <begdate>2009</begdate>
            <enddate>2012</enddate>
          </rngdates>
        </timeinfo>
        <srccurr>ground condition</srccurr>
      </srctime>
      <srccitea>OFR 2012-06</srccitea>
      <srccontr>geological information of the assessed areas</srccontr>
    </srcinfo>
    <procstep>
      <procdesc>To produce the outlines of shale and siltstone units for evaluation, the depositional and erosional extents of the units were modified to only include the areas that are
1. within the borders of Alberta,
2. not within the disturbed belt of the Rocky Mountains, and
3. in the areas where sample data were available.</procdesc>
      <procdate>2012</procdate>
    </procstep>
  </lineage>
</dataqual>
<spdoinfo>
  <direct>Vector</direct>
  <ptvctinf>
    <sdtsterm>
      <sdtstype>G-polygon</sdtstype>
      <ptvctcnt>6</ptvctcnt>
    </sdtsterm>
  </ptvctinf>
</spdoinfo>
<spref>
  <horizsys>
    <geograph>
      <geogunit>Decimal degrees</geogunit>
      <latres>0.000000</latres>
      <longres>0.000000</longres>
    </geograph>
    <geodetic>
      <horizdn>North American Datum of 1983</horizdn>
      <ellips>Geodetic Reference System 80</ellips>
      <semiaxis>6378137.000000</semiaxis>
      <denflat>298.257222</denflat>
    </geodetic>
  </horizsys>
</spref>
<eainfo>
  <detailed>
    <enttyp>
      <enttypl>shalegas_fms_py_ll.dbf</enttypl>
      <enttypd>Polygon attribute table</enttypd>
      <enttypds>Alberta Geological Survey</enttypds>
    </enttyp>
    <attr>
      <attrlabl>Shale_Unit</attrlabl>
      <attrdefs>Alberta Geological Survey</attrdefs>
      <attrdef>Name of the formation</attrdef>
    </attr>
    <attr>
      <attrlabl>Figure_Ref</attrlabl>
      <attrdefs>Alberta Geological Survey</attrdefs>
      <attrdef>Associated figure number</attrdef>
    </attr>
    <attr>
      <attrlabl>Report_Ref</attrlabl>
      <attrdefs>Alberta Geological Survey</attrdefs>
      <attrdef>Associated open file report</attrdef>
    </attr>
  </detailed>
</eainfo>
<distinfo>
  <distrib>
    <cntinfo>
      <cntorgp>
        <cntorg>Alberta Geological Survey</cntorg>
        <cntper>Publications and Marketing Advisor</cntper>
      </cntorgp>
      <cntpos>Publications and Marketing Advisor</cntpos>
      <cntaddr>
        <addrtype>mailing and physical</addrtype>
        <address>Alberta Energy Regulator</address>
        <address>4th Floor, Twin Atria Building</address>
        <address>4999-98 Avenue NW</address>
        <city>Edmonton</city>
        <state>Alberta</state>
        <postal>T6B 2X3</postal>
        <country>Canada</country>
      </cntaddr>
      <cntvoice>(780) 422-1927</cntvoice>
      <cntfax>(780) 422-1918</cntfax>
      <cntemail>AGS-Info@aer.ca</cntemail>
      <hours>8:00 a.m. to 12:00 p.m. and 1:00 p.m. to 4:30 p.m.</hours>
    </cntinfo>
  </distrib>
  <distliab>The Alberta Energy Regulator/Alberta Geological Survey (AER/AGS) licenses this information under the Open Government License - Alberta. Any references to proprietary software in our documentation, and/or any use of proprietary data formats in our releases, do not constitute endorsement by the AER/AGS of any manufacturer&apos;s product.</distliab>
</distinfo>
<metainfo>
  <metd>20131107</metd>
  <metc>
    <cntinfo>
      <cntorgp>
        <cntorg>Alberta Geological Survey</cntorg>
        <cntper>Publications and Marketing Advisor</cntper>
      </cntorgp>
      <cntpos>Publications and Marketing Advisor</cntpos>
      <cntaddr>
        <addrtype>mailing and physical</addrtype>
        <address>Alberta Energy Regulator</address>
        <address>4th Floor, Twin Atria Building</address>
        <address>4999-98 Avenue NW</address>
        <city>Edmonton</city>
        <state>Alberta</state>
        <postal>T6B 2X3</postal>
        <country>Canada</country>
      </cntaddr>
      <cntvoice>(780) 422-1927</cntvoice>
      <cntfax>(780) 422-1918</cntfax>
      <cntemail>AGS-Info@aer.ca</cntemail>
      <hours>8:00 a.m. to 12:00 p.m. and 1:00 p.m. to 4:30 p.m.</hours>
    </cntinfo>
  </metc>
  <metstdn>FGDC Content Standard for Digital Geospatial Metadata</metstdn>
  <metstdv>FGDC-STD-001-1998</metstdv>
  <mettc>local time</mettc>
  <metac>none</metac>
  <metuc>none</metuc>
</metainfo>
</metadata>
