<metadata xml:lang="en"><Esri><CreaDate>20190807</CreaDate><CreaTime>08133000</CreaTime><ArcGISFormat>1.0</ArcGISFormat><ArcGISstyle>Item Description</ArcGISstyle><SyncOnce>FALSE</SyncOnce><DataProperties><itemProps><itemLocation><linkage Sync="TRUE">file://\\CalFsrv\share2\Strategy and Regulatory Division\Science &amp; Evaluation\Data &amp; Intelligence\Intelligence &amp; Modelling Team\2 Projects\0 Science &amp; Evaluation\Play Workbook\1 Data\AER_Play_Areas.shp</linkage><protocol Sync="TRUE">Local Area Network</protocol></itemLocation><itemName Sync="TRUE">AER_Play_Areas</itemName><nativeExtBox><westBL Sync="TRUE">-120.006455</westBL><eastBL Sync="TRUE">-109.992812</eastBL><southBL Sync="TRUE">48.992542</southBL><northBL Sync="TRUE">60.001833</northBL><exTypeCode Sync="TRUE">1</exTypeCode></nativeExtBox><itemSize Sync="TRUE">4.221</itemSize><imsContentType Sync="TRUE">002</imsContentType></itemProps><coordRef><type Sync="TRUE">Geographic</type><geogcsn Sync="TRUE">GCS_North_American_1983</geogcsn><csUnits Sync="TRUE">Angular Unit: Degree (0.017453)</csUnits><peXml Sync="TRUE">&lt;GeographicCoordinateSystem xsi:type='typens:GeographicCoordinateSystem' xmlns:xsi='http://www.w3.org/2001/XMLSchema-instance' xmlns:xs='http://www.w3.org/2001/XMLSchema' xmlns:typens='http://www.esri.com/schemas/ArcGIS/10.6'&gt;&lt;WKT&gt;GEOGCS[&amp;quot;GCS_North_American_1983&amp;quot;,DATUM[&amp;quot;D_North_American_1983&amp;quot;,SPHEROID[&amp;quot;GRS_1980&amp;quot;,6378137.0,298.257222101]],PRIMEM[&amp;quot;Greenwich&amp;quot;,0.0],UNIT[&amp;quot;Degree&amp;quot;,0.0174532925199433],AUTHORITY[&amp;quot;EPSG&amp;quot;,4269]]&lt;/WKT&gt;&lt;XOrigin&gt;-400&lt;/XOrigin&gt;&lt;YOrigin&gt;-400&lt;/YOrigin&gt;&lt;XYScale&gt;11258999068426.238&lt;/XYScale&gt;&lt;ZOrigin&gt;-100000&lt;/ZOrigin&gt;&lt;ZScale&gt;10000&lt;/ZScale&gt;&lt;MOrigin&gt;-100000&lt;/MOrigin&gt;&lt;MScale&gt;10000&lt;/MScale&gt;&lt;XYTolerance&gt;8.9831528411952133e-09&lt;/XYTolerance&gt;&lt;ZTolerance&gt;0.001&lt;/ZTolerance&gt;&lt;MTolerance&gt;0.001&lt;/MTolerance&gt;&lt;HighPrecision&gt;true&lt;/HighPrecision&gt;&lt;LeftLongitude&gt;-180&lt;/LeftLongitude&gt;&lt;WKID&gt;4269&lt;/WKID&gt;&lt;LatestWKID&gt;4269&lt;/LatestWKID&gt;&lt;/GeographicCoordinateSystem&gt;</peXml></coordRef></DataProperties><SyncDate>20190826</SyncDate><SyncTime>09313700</SyncTime><ModDate>20190826</ModDate><ModTime>09313700</ModTime><scaleRange><minScale>150000000</minScale><maxScale>5000</maxScale></scaleRange><ArcGISProfile>NAP</ArcGISProfile></Esri><mdLang><languageCode value="eng"/><countryCode value="USA" Sync="TRUE"/></mdLang><mdChar><CharSetCd value="004"/></mdChar><mdHrLv><ScopeCd value="005"/></mdHrLv><mdContact><rpOrgName>AER (Alberta Energy Regulator)</rpOrgName><rpPosName>Information Services – Information Management Branch</rpPosName><rpCntInfo><cntPhone><voiceNum>1-855-297-8311</voiceNum></cntPhone><cntAddress><delPoint>Suite 1000, 250 - 5th Street SW</delPoint><city>Calgary</city><adminArea>Alberta</adminArea><postCode>T2P 0R4</postCode><country>CA</country><eMailAdd>InformationRequest@aer.ca</eMailAdd></cntAddress><cntHours>08:30 to 16:30 Monday to Friday</cntHours><cntInstr>For General Inquiries Contact the Customer Contact Centre at: Phone: 403-297-8311 Toll-free: 1-855-297-8311 For Product Services Section: Phone: (403) 297-8311 select 2</cntInstr></rpCntInfo><role><RoleCd value="010"/></role></mdContact><mdStanName>ArcGIS Metadata</mdStanName><mdStanVer>1.0</mdStanVer><distInfo><distributor><distorCont><rpOrgName>AER (Alberta Energy Regulator)</rpOrgName><rpPosName>Information Services – Information Management Branch</rpPosName><rpCntInfo><cntPhone><voiceNum>1-855-297-8311</voiceNum></cntPhone><cntAddress><delPoint>Suite 1000, 250 - 5th Street SW</delPoint><city>Calgary</city><adminArea>Alberta</adminArea><postCode>T2P 0R4</postCode><country>CA</country><eMailAdd>InformationRequest@aer.ca</eMailAdd></cntAddress><cntHours>08:30 to 16:30 Monday to Friday</cntHours><cntInstr>For General Inquiries Contact the Customer Contact Centre at: Phone: 403-297-8311 Toll-free: 1-855-297-8311 For Product Services Section: Phone: (403) 297-8311 select 2</cntInstr></rpCntInfo><role><RoleCd value="005"/></role></distorCont><distorOrdPrc><ordInstr>To place an order, email informationrequest@aer.ca with the following information: * contact information (name, address, and telephone number), * product name and format, and * any other information required in the “request by” field. http://www1.aer.ca/ProductCatalogue/ordering.html</ordInstr></distorOrdPrc></distributor><distFormat><formatVer>ArcGIS 10.3.1</formatVer><formatName Sync="TRUE">Shapefile</formatName></distFormat><distTranOps><transSize Sync="TRUE">4.221</transSize></distTranOps></distInfo><dataIdInfo><idCitation><date><pubDate>2016-10-12T00:00:00</pubDate></date><citRespParty><rpOrgName>AER (Alberta Energy Regulator)</rpOrgName><rpPosName>Information Services – Information Management Branch</rpPosName><rpCntInfo><cntPhone><voiceNum>1-855-297-8311</voiceNum></cntPhone><cntAddress><delPoint>Suite 1000, 250 - 5th Street SW</delPoint><city>Calgary</city><adminArea>Alberta</adminArea><postCode>T2P 0R4</postCode><country>CA</country><eMailAdd>InformationRequest@aer.ca</eMailAdd></cntAddress><cntHours>08:30 to 16:30 Monday to Friday</cntHours><cntInstr>For General Inquiries Contact the Customer Contact Centre at: Phone: 403-297-8311 Toll-free: 1-855-297-8311 For Product Services Section: Phone: (403) 297-8311 select 2</cntInstr></rpCntInfo><role><RoleCd value="010"/></role></citRespParty><presForm><PresFormCd value="005"/></presForm><resTitle Sync="TRUE">AER_Play_Areas</resTitle></idCitation><idAbs>&lt;DIV STYLE="text-align:Left;"&gt;&lt;DIV&gt;&lt;DIV&gt;&lt;P STYLE="margin:0 0 0 0;"&gt;&lt;SPAN&gt;&lt;SPAN&gt;The shapefile provides the current AER interpretations of the play boundaries and the attributes associated with them.&lt;/SPAN&gt;&lt;/SPAN&gt;&lt;/P&gt;&lt;/DIV&gt;&lt;/DIV&gt;&lt;/DIV&gt;</idAbs><idPurp>A geological play can be defined as a set of known or postulated accumulations (pools and deposits) of petroleum within a petroleum system that share the same geological, geographical, and temporal properties, such as source rock, migration pathways, timing, trapping mechanism, mode of occurrence, and hydrocarbon type.  </idPurp><idStatus><ProgCd value="001"/></idStatus><resMaint><maintFreq><MaintFreqCd value="009"/></maintFreq></resMaint><placeKeys><keyword>Alberta, Canada</keyword></placeKeys><themeKeys><keyword>Subsurface, Order, Oil, Gas</keyword></themeKeys><searchKeys><keyword>Alberta</keyword><keyword>Canada</keyword><keyword>Resource</keyword><keyword>Play</keyword><keyword>Plays</keyword><keyword>Geology</keyword></searchKeys><resConst><LegConsts><accessConsts><RestrictCd value="008"/></accessConsts><othConsts>This service is provided from AER. The general public must acquire this data from the Information Services Branch of the AER.</othConsts></LegConsts></resConst><resConst><LegConsts><useConsts><RestrictCd value="001"/></useConsts><othConsts>Users of the AER data files are permitted to use the files to select and process data for internal or client use and to release copies of small portions of the files on computer media, that result from specialized retrievals, to their clients; copying of a complete file or a large portion of a file for resale is not permitted.</othConsts></LegConsts></resConst><resConst><LegConsts><useLimit>The Alberta Energy Regulator (AER) has not verified and makes no representation or warranty as to the accuracy, completeness, or reliability of any information or data in this document or that it will be suitable for any particular purpose or use. The AER is not responsible for any inaccuracies, errors or omissions in the information or data and is not liable for any direct or indirect losses arising out of any use of this information. For additional information about the limitations and restrictions applicable to this document, please refer to the AER Copyright &amp; Disclaimer webpage: http://www.aer.ca/copyright-disclaimer.</useLimit></LegConsts></resConst><resConst><SecConsts><userNote>This data is classified as Regulatory, with Conditions for Sharing. The Condition for Sharing is that Stratigraphic units cannot be shown with confidential wells. The confidentiality of stratigraphic units only applies at a well level, when that well is confidential (geo-conf). However, stratigraphic units can be shown here with the attributes listed in the shapefile as long as confidential well information is not shown.</userNote><classSys>AER Infotmation Security Classification</classSys></SecConsts></resConst><spatRpType><SpatRepTypCd value="001"/></spatRpType><dataLang><languageCode value="eng"/><countryCode value="USA" Sync="TRUE"/></dataLang><dataChar><CharSetCd value="004"/></dataChar><dataExt><geoEle><GeoBndBox><exTypeCode>true</exTypeCode><westBL>-120</westBL><eastBL>-110.004764</eastBL><southBL>48.996881</southBL><northBL>59.99955</northBL></GeoBndBox></geoEle><tempEle><TempExtent><exTemp><TM_Period gmlID="ID0EMHAC"><tmBegin>2016-01-01T00:00:00</tmBegin><tmEnd date="unknown"/></TM_Period></exTemp></TempExtent></tempEle></dataExt><envirDesc Sync="TRUE">Microsoft Windows 7 Version 6.1 (Build 7601) Service Pack 1; Esri ArcGIS 10.6.1.9273</envirDesc><dataExt><geoEle xmlns=""><GeoBndBox esriExtentType="search"><exTypeCode Sync="TRUE">1</exTypeCode><westBL Sync="TRUE">-120.006455</westBL><eastBL Sync="TRUE">-109.992812</eastBL><northBL Sync="TRUE">60.001833</northBL><southBL Sync="TRUE">48.992542</southBL></GeoBndBox></geoEle></dataExt><tpCat><TopicCatCd value="003"/></tpCat></dataIdInfo><mdMaint><maintFreq><MaintFreqCd value="011"/></maintFreq></mdMaint><dqInfo><dqScope><scpLvl><ScopeCd value="005"/></scpLvl></dqScope><dataLineage><statement>This Resource Play Areas dataset represents the play area boundaries within the Province of Alberta.  This information was created based on information related to, geophysical logs, production information, drill cuttings, core, laboratory tests and scientific publications.  </statement></dataLineage></dqInfo><refSysInfo><RefSystem dimension="horizontal"><refSysID><identCode code="4269"/><idCodeSpace Sync="TRUE">EPSG</idCodeSpace><idVersion Sync="TRUE">6.12(3.0.1)</idVersion></refSysID></RefSystem></refSysInfo><eainfo><detailed Name="AER_Play_Areas" xmlns=""><enttyp><enttypl Sync="TRUE">AER_Play_Areas</enttypl><enttypt Sync="TRUE">Feature Class</enttypt><enttypc Sync="TRUE">119</enttypc><enttypd>Polygon</enttypd><enttypds>AER (Alberta Energy Regulators)</enttypds></enttyp><attr xmlns=""><attrlabl Sync="TRUE">FID</attrlabl><attalias Sync="TRUE">FID</attalias><attrtype Sync="TRUE">OID</attrtype><attwidth Sync="TRUE">4</attwidth><atprecis Sync="TRUE">0</atprecis><attscale Sync="TRUE">0</attscale><attrdef Sync="TRUE">Internal feature number.</attrdef><attrdefs Sync="TRUE">Esri</attrdefs><attrdomv><udom Sync="TRUE">Sequential unique whole numbers that are automatically generated.</udom></attrdomv></attr><attr xmlns=""><attrlabl Sync="TRUE">Shape</attrlabl><attalias Sync="TRUE">Shape</attalias><attrtype Sync="TRUE">Geometry</attrtype><attwidth Sync="TRUE">0</attwidth><atprecis Sync="TRUE">0</atprecis><attscale Sync="TRUE">0</attscale><attrdef Sync="TRUE">Feature geometry.</attrdef><attrdefs Sync="TRUE">Esri</attrdefs><attrdomv><udom Sync="TRUE">Coordinates defining the features.</udom></attrdomv></attr><attr xmlns=""><attrlabl Sync="TRUE">Play_Area</attrlabl><attalias Sync="FALSE">Play_Area_Description</attalias><attrtype Sync="TRUE">String</attrtype><attwidth Sync="TRUE">50</attwidth><atprecis Sync="TRUE">0</atprecis><attscale Sync="TRUE">0</attscale><attrdef>The play reference name.  It is composed of the geologic formation and the name of a geographic feature that falls within the play boundaries.</attrdef><attrdefs>AER</attrdefs></attr><attr xmlns=""><attrlabl Sync="TRUE">Dep_Enviro</attrlabl><attalias Sync="FALSE">Depositional_Environment</attalias><attrtype Sync="TRUE">String</attrtype><attwidth Sync="TRUE">128</attwidth><atprecis Sync="TRUE">0</atprecis><attscale Sync="TRUE">0</attscale><attrdef>The dominant or most important interpreted depositional environments found within the play.  Depositional environments are the types of localities where sediment accumulates.</attrdef><attrdefs>AER</attrdefs></attr><attr xmlns=""><attrlabl Sync="TRUE">Res_Cat</attrlabl><attalias Sync="FALSE">Resource_Category</attalias><attrtype Sync="TRUE">String</attrtype><attwidth Sync="TRUE">64</attwidth><atprecis Sync="TRUE">0</atprecis><attscale Sync="TRUE">0</attscale><attrdef>The classification of petroleum resources that can be found within the play.  The AER currently recognizes six categories – conventional, low permeability, shale, coalbed methane, bitumen and coal.  This allows the AER to customize its reserves evaluation and reporting based on the unique properties of each category.  </attrdef><attrdefs>AER</attrdefs></attr><attr xmlns=""><attrlabl Sync="TRUE">Res_Type</attrlabl><attalias Sync="FALSE">Resource_Types_Within_Play </attalias><attrtype Sync="TRUE">String</attrtype><attwidth Sync="TRUE">32</attwidth><atprecis Sync="TRUE">0</atprecis><attscale Sync="TRUE">0</attscale><attrdef>The hydrocarbon types that have been produced from the play.</attrdef><attrdefs>AER</attrdefs></attr><attr xmlns=""><attrlabl Sync="TRUE">Lithology</attrlabl><attalias Sync="TRUE">Lithology</attalias><attrtype Sync="TRUE">String</attrtype><attwidth Sync="TRUE">200</attwidth><atprecis Sync="TRUE">0</atprecis><attscale Sync="TRUE">0</attscale><attrdef>A list of the important or dominant rock types found within the play.</attrdef><attrdefs>AER</attrdefs></attr><attr xmlns=""><attrlabl Sync="TRUE">Strat_Int</attrlabl><attalias Sync="FALSE">Stratigraphic_Interval </attalias><attrtype Sync="TRUE">String</attrtype><attwidth Sync="TRUE">64</attwidth><atprecis Sync="TRUE">0</atprecis><attscale Sync="TRUE">0</attscale><attrdef>The stratigraphic system or series that the play falls into.</attrdef><attrdefs>AER</attrdefs></attr><attr xmlns=""><attrlabl Sync="TRUE">Create_Dat</attrlabl><attalias Sync="FALSE">Create_Date</attalias><attrtype Sync="TRUE">Date</attrtype><attwidth Sync="TRUE">8</attwidth><atprecis Sync="TRUE">0</atprecis><attscale Sync="TRUE">0</attscale><attrdefs>AER</attrdefs><attrdef>When the shapefile was loaded into ArcMap.</attrdef></attr><attr xmlns=""><attrlabl Sync="TRUE">Change_Dat</attrlabl><attalias Sync="FALSE">Change_Date</attalias><attrtype Sync="TRUE">Date</attrtype><attwidth Sync="TRUE">8</attwidth><atprecis Sync="TRUE">0</atprecis><attscale Sync="TRUE">0</attscale><attrdefs>AER</attrdefs><attrdef>When the shapefile was exported.</attrdef></attr><attr xmlns=""><attrlabl Sync="TRUE">SHAPE_Leng</attrlabl><attalias Sync="TRUE">SHAPE_Leng</attalias><attrtype Sync="TRUE">Double</attrtype><attwidth Sync="TRUE">19</attwidth><atprecis Sync="TRUE">0</atprecis><attscale Sync="TRUE">0</attscale></attr><attr xmlns=""><attrlabl Sync="TRUE">SHAPE_Area</attrlabl><attalias Sync="TRUE">SHAPE_Area</attalias><attrtype Sync="TRUE">Double</attrtype><attwidth Sync="TRUE">19</attwidth><atprecis Sync="TRUE">0</atprecis><attscale Sync="TRUE">0</attscale><attrdef Sync="TRUE">Area of feature in internal units squared.</attrdef><attrdefs Sync="TRUE">Esri</attrdefs><attrdomv><udom Sync="TRUE">Positive real numbers that are automatically generated.</udom></attrdomv></attr></detailed></eainfo><mdHrLvName Sync="TRUE">dataset</mdHrLvName><spatRepInfo><VectSpatRep><geometObjs Name="AER_Play_Areas"><geoObjTyp><GeoObjTypCd value="002" Sync="TRUE"></GeoObjTypCd></geoObjTyp><geoObjCnt Sync="TRUE">119</geoObjCnt></geometObjs><topLvl><TopoLevCd value="001" Sync="TRUE"></TopoLevCd></topLvl></VectSpatRep></spatRepInfo><spdoinfo><ptvctinf><esriterm Name="AER_Play_Areas"><efeatyp Sync="TRUE">Simple</efeatyp><efeageom code="4" Sync="TRUE"></efeageom><esritopo Sync="TRUE">FALSE</esritopo><efeacnt Sync="TRUE">119</efeacnt><spindex Sync="TRUE">TRUE</spindex><linrefer Sync="TRUE">FALSE</linrefer></esriterm></ptvctinf></spdoinfo><mdDateSt Sync="TRUE">20190826</mdDateSt></metadata>
